income,debt,credit_score,Food,Transportation,Housing,Utilities
84770,17211,705,4773.346109470224,10106.43872520444,27467.70254541789,5484.589355983912
152133,35147,626,12672.19382363226,9515.054171192322,39062.915279577624,12973.422116724567
138721,27223,554,10342.086611427092,8522.787019636593,41666.31144572476,7649.21939657398
169594,16014,674,20873.800564216028,18793.798769454083,51446.18679611341,8785.160619991038
64958,24036,841,5651.926878083906,8580.109150117034,20597.229135788708,5467.030145549448
133040,20763,467,16217.91073540468,10841.605108378319,34237.31005602637,11990.938915470724
195823,22017,655,12150.156105384367,28291.84654945642,59335.48807092279,16794.66028893587
161681,13600,539,14104.700333999566,17405.104869866747,47390.99783981685,11876.97568338494
58807,13759,799,3728.339372210901,3128.948510893569,14897.364588706136,3622.0581270053044
160345,47702,329,21656.315013129508,10416.098307296239,44027.10081454431,8697.292400417278
78384,20237,633,9322.04402496997,4089.9404643984208,26296.26209144328,5195.747531800187
84802,14813,319,11889.903922982146,7580.048747539412,27147.146338184528,7741.434006414439
154338,41835,534,17831.09484758352,15589.615240086157,39634.42967611928,14920.976925711642
136196,26466,476,12832.84085920257,20425.791140487123,47257.246764560725,9663.433714008217
165908,42032,807,20968.056091106082,23824.552261610894,50804.02243364151,14996.073875110844
191724,4429,763,17878.359952595736,23627.68213565415,54359.15800638604,9794.01267965167
61937,12691,649,8328.055490840501,6869.9031188495965,18481.735455128975,4611.947645631869
106924,2180,710,7942.817175220518,10373.813977167616,35281.49978273736,7316.569021748087
148878,49151,373,15067.830354660411,16717.256067485865,47643.07524225805,14440.627221840703
130957,607,804,12698.489032397687,10562.188938779133,45251.53176176072,11749.02483932317
164081,16092,747,11785.493082952982,19283.482311903117,43021.33516687515,12241.945807842012
71444,46326,330,10028.389951570956,4957.201253345323,19990.209804297647,4339.151317596209
142539,35922,492,7919.915640437915,7137.7614523695265,39312.34079267772,12664.753309484708
182360,31206,473,25666.906249974647,23676.862665389046,45827.14207635683,13221.545713044603
117407,10831,622,6133.234233628313,16510.693016907295,34252.39051936074,8410.786605490723
190045,12680,783,26673.059788552873,27076.938886119176,63022.467378256566,16432.603867855138
40756,1193,513,4368.238717639696,6078.678190580017,12261.077054334495,3096.0238908958677
190008,40167,599,17884.86265408897,17164.810544613505,58881.009313634306,16290.520698341492
33801,35614,321,4013.3771113500297,4717.630896243623,9621.410354708893,2148.2729824174776
67220,23051,771,8674.574298295545,8303.944359197434,17165.83240878655,5488.695107830081
29857,5189,744,2060.5074652816365,2711.866708784535,7698.4011744493155,2801.7254305672723
81765,19699,596,4683.9607781739915,5297.906289145856,23540.325769324343,6833.6900764280945
58229,35304,671,4894.562068026864,5764.847113369285,16111.538095179787,5320.041270269446
70658,8414,830,9003.389371874187,6313.31706754761,17884.022110942988,6385.22857174272
42590,46606,720,4581.857551892639,4214.873310138252,11993.827978345424,3121.628092671402
150779,15836,588,19235.445596681646,16228.887722240726,52238.61711160967,13887.14242083923
57001,5896,659,5815.591809960418,6885.811046189509,15072.607633435731,3738.0166913807525
145707,35109,509,14054.802133977584,16830.830908721284,41398.83250365366,13545.147983524268
178618,9054,542,22555.4873933728,10393.904948595402,45824.30053493706,9122.389190052212
132310,33846,812,7611.429547671657,16846.012082470283,36771.15039988255,11839.133026032014
110934,9606,802,14765.968425130497,12000.505022104242,36496.89945406134,11024.140052571169
190197,47313,497,25855.150161627964,24115.754035411246,56589.17660226275,13951.929846790019
58681,5017,544,7260.406763424643,8027.302546184309,20346.24195482994,4191.818022023854
176892,33409,519,26531.359594091115,26189.70983403888,49647.42156007297,14903.441685096055
97177,8846,782,5278.134735976495,14401.667688695079,25040.421362725432,5280.245570833297
123846,14636,580,14804.126469819146,15082.953178611051,35224.55403095625,12108.951742500007
70198,11605,639,8194.588915492197,6077.512948814715,20709.274123534153,6132.259832213159
163925,32341,501,21470.743420085815,8519.674906075472,45862.11804770314,15058.297722363652
161957,35349,608,18024.21549836865,19837.785583427893,42915.37315391428,8456.525608921405
186276,10343,813,25807.421740517486,21927.73050713051,55925.92892812084,12099.790308325813
49160,17019,791,6081.368682021848,6860.931176338282,16260.861815194074,4282.568882118654
169789,15239,649,11331.669608162558,22488.58977719037,44470.382253602955,15281.940380127944
116706,31495,504,15304.23283285206,16060.618515211292,33982.64598517622,8111.282011629534
181429,16341,664,11364.91476809083,21701.226505844585,49061.03321192628,9418.363678654112
31297,35822,642,3479.0275876066225,1819.0888483135095,8835.259274808985,2129.209169395299
159966,35280,450,15718.92481530011,14688.93505477167,44735.74518845143,13546.51832125884
178513,6383,497,14934.696658498091,11616.590054880033,52848.30055610559,14706.429739988887
46339,38809,399,6331.940132128074,4205.7644678472025,13898.887475153182,3827.266192680498
37997,28306,481,5686.914574430606,2815.4702157452257,11449.690066842008,2251.2547313288737
100688,18885,776,9012.474483132675,13904.95489281172,33070.63979136509,6544.514585656294
177692,16681,301,18389.061132861763,19830.285157934155,60648.358685557636,15087.19924017287
169795,43174,812,16577.917584583673,16601.813402783984,51577.80373039187,15700.299516749683
47483,30482,842,2395.1110011688434,6834.436928492501,15378.064615678548,2834.775412626759
78511,12279,617,10968.237537389672,9597.195987425412,26701.624781981907,5866.4498517702605
93473,43258,695,11253.815565319914,10090.558360136964,29340.821632296796,8940.62679598886
22013,41893,620,2442.7795092357387,2794.507852940661,5507.829645211293,1324.1000972876739
82307,4745,718,7914.1562557219195,4772.804220715494,23276.201033318324,5397.3912248532115
173468,15492,449,19269.565448880057,22469.910755501107,50563.02919834992,15087.79738028825
50327,15784,303,4280.251443827175,4586.961474487429,13434.056681524711,4817.648933539885
55741,15790,635,3636.0979194375946,4703.9296649839,16378.050291616995,3428.045942506672
86120,15476,623,4434.175022739583,11400.878579638493,28641.638448417747,7085.233932979072
48971,38893,410,4807.220296386598,5789.832485567161,14082.754417122112,3062.7560142842376
133670,2577,361,15022.108056881616,7253.952547853096,36498.12046399987,6777.476659470419
168816,8651,417,18782.763363765498,8738.180201011886,46890.70470825309,16720.054021303247
175619,12870,407,16353.872664631226,19592.736768921593,61363.41098918775,10810.267484240487
173057,47755,810,21146.381236613295,25495.68010207675,46414.1324735943,15730.413218005966
30163,17964,562,3641.811937098838,2332.877350314086,9959.495080720462,2297.5771527877205
135262,16770,733,20080.659470115923,15886.235288388769,43307.51020535577,8641.750608816716
146317,35682,675,16436.79072682499,16016.290384422859,49359.556059593124,9183.615054243619
95671,18737,741,12863.436668206126,6664.538527924106,29578.476417475726,9359.376683628978
195806,21204,399,9975.627405984918,28801.591904592842,54380.55133598883,15645.952209242187
141302,21635,796,12477.69073641321,9917.30818464101,41958.949797066925,8820.147098829724
114520,13756,754,12818.646906813019,17114.48096256505,32721.543342143163,7887.185153093615
119611,12198,535,10884.861109020092,9696.432159370892,35606.27758728177,9083.253564718072
102590,38884,637,6195.580042175016,14326.169849238082,29833.98550119369,9075.562045944387
148338,6180,496,8690.305714619399,14531.11379874827,41957.74252112071,12006.872547349363
144330,31973,701,18312.02285484154,10071.153863033109,48864.566616168035,8858.614967734724
102444,13789,308,7526.917587704989,10426.57035093895,26795.910500753307,6078.228903194426
44845,26173,662,4906.412824559555,3867.9204703455207,13597.74321700367,3592.2688701225507
100711,45893,390,8530.49034468065,5096.7156947228195,28884.820709927644,5549.110572993615
134612,39325,405,18832.913188631024,9553.46818618765,35142.42925698886,12986.562347624793
56377,38378,398,5967.579077241401,6608.598630151609,15619.732658935898,2827.3196021638705
61916,44589,406,4760.773675560986,5518.566702233619,17885.623065785006,6178.865167367776
47121,40553,356,4980.483951301871,5630.370470176165,12732.181571723604,3235.766866674139
115641,45989,770,12606.836051234477,7789.903984995703,37447.57674553109,7994.14175303612
22567,22593,549,1645.2588985540447,3271.038521575367,6184.792025900022,2055.027085437134
66351,45569,552,4127.680616202144,9772.684565439844,21300.742308607085,5453.518346445223
198148,20759,795,27796.912533832863,19088.830975561763,50216.740233384124,15493.217973305758
92996,35928,651,10887.42700258947,13884.637152889296,27285.991069986558,9075.35424641032
136369,16918,518,10328.827312350708,12802.306272158603,44762.02819215132,10222.181478623967
46099,25045,742,6243.283225009774,4343.31885353434,14766.940314331772,3344.1582922596085
131487,15185,832,14361.23898697932,10801.799544081636,42807.3065938932,11816.1498227112
150973,49921,804,17207.70704371632,8564.506710004713,47826.64649847822,8800.723584006364
134251,3313,561,8132.077986867669,12032.154112299344,39961.06301897511,9413.894921072297
168742,25676,376,21447.176786577333,21603.07735882843,56070.474160449245,15399.656630068293
148692,25216,485,20851.089248018005,16863.73073810726,42613.24856485417,10059.00924739156
168703,36865,674,24230.457865116834,20476.204256660076,45267.407691301356,9164.454843626063
72175,36448,732,8848.102485325155,6440.225919990513,23463.034152783097,5412.462902329708
62604,5095,332,6079.403353724694,8420.703080843748,19281.44566173468,3773.864663453652
157758,314,811,15398.184557861117,10904.594267813605,53581.283767804285,12394.628810504184
192446,22102,564,12578.421733368923,28136.749578440176,62776.93799328648,15824.012064539522
180963,3678,564,24591.601434294967,18732.27609587308,59436.268118343236,15965.796465673287
138662,9245,708,7390.588370750191,8313.564412185235,37310.972042721776,12521.28070973784
144370,31335,769,15340.405511577335,14959.659620711398,46782.57133621022,7786.358134088197
95696,31202,635,6189.72488333628,12816.545047953761,32260.105125929567,5887.236911609887
175953,30675,684,15318.337516486732,14622.53021487495,52407.78739467894,12502.069861810098
42261,20488,751,4062.9819761092344,5014.77475163589,10657.55360166552,3519.7779610930256
110503,32372,436,5584.559635736837,14409.383111410276,31181.228185088305,10566.653070411574
190245,40013,770,9742.593140915631,15233.180733059346,49216.86095871783,18524.82351419774
131031,14240,526,7388.950018158836,16468.43605896218,43785.19737281718,7618.308488615905
159615,9611,685,23194.83272360366,13238.316838043647,46098.901749838595,12311.71961203273
129878,23790,639,13931.9142712041,7226.8289730569895,43455.92489639148,10013.136384648924
34434,2557,652,2721.4575115592716,3449.4393352642023,11456.28369901013,2087.155895293595
100190,8621,784,13370.961458372865,13427.265603420405,28204.823073555002,6177.006305556425
50554,4368,447,3687.666879259554,2699.3965799813773,14209.597479231435,4415.495308236068
187150,46769,761,11574.006919442703,15032.561003256833,47853.553996551935,10678.323552252245
93356,4100,782,4720.268078896937,7124.615762800808,31785.666370385192,7490.93886615846
170205,14188,711,18995.814816464223,9312.648504480316,46415.217227441746,9526.86512113382
32899,32801,575,2832.295607876649,4135.213289107426,9751.821004968488,2591.775170219385
74860,36938,573,5263.296965060863,10369.82562964179,23739.708029821923,7241.303324391018
107298,42433,349,8983.347454220686,10430.955457342123,31371.45223109743,10493.354773840456
152655,9528,397,11575.862703060578,8964.968130911986,39939.567583276636,14045.88737648738
48356,42725,580,7116.0035591022315,4169.387760761904,14324.751875548869,4739.617529581693
117736,33308,743,10012.28340885335,6962.933735702748,34558.93928620996,8052.741656626089
32322,17087,772,1911.1402839286998,3851.449029482631,8094.519215846527,1825.6197389436945
182215,7753,311,17777.294016987198,19958.50006103317,60439.13644611288,9205.289546417147
157538,2766,363,9175.981090185382,21524.159582978238,52588.08476873749,10363.924879449834
72585,6476,400,5637.87156463661,9585.940533446965,22404.887596435903,5711.1405912432465
107935,34234,304,9758.051373543267,8656.116683232685,31392.810343890065,9285.159105374923
160786,31954,749,22771.43471987777,9358.397088524427,42958.101035556516,14742.30756962954
114946,39782,335,10068.04471312207,6443.358825704484,40201.2991212831,6274.053950816603
188178,243,305,15596.73591558286,10761.111496404066,51878.36885652711,16679.82175195151
180799,651,415,15518.671683403727,25121.88001167323,58253.744923864535,16623.32989435888
186779,2795,505,25362.132011011538,19974.728226122308,50559.6023867339,12543.748927252023
181627,36840,516,16451.341432532186,22053.84138403568,59769.699951993294,15420.121118824296
102379,18949,517,9022.768820231826,7249.1134263685235,30513.482342160703,5683.756617681524
33559,18837,566,4005.862520997747,3554.619055271195,9806.50736576975,1723.2625836133782
74792,18616,503,8275.259236666432,8312.00091563826,24303.58200874652,7174.882876958548
67307,25698,455,5323.607488002746,3688.930491948305,18539.29959682087,6316.629409317486
194423,12635,621,16884.249396222527,27431.018246696505,61720.68087122368,13496.587975715998
190114,13486,556,23846.000520952253,13810.375804232719,65944.21048017584,14066.814723626074
121061,28677,813,14279.268659658444,6300.684992431763,36906.32016519115,8841.457816807197
166693,37346,336,17445.3486687299,20059.806151635028,41962.61248469338,15738.314118633665
75439,7109,655,9811.040937538068,9685.308047188477,19540.0418470086,4381.353200934543
159231,45349,461,11062.311043520598,12585.572486567202,46783.04950546465,10088.180849602026
112843,33961,564,10719.12369419132,9779.938905288825,36885.417554697924,8584.921486298601
187180,35121,661,20016.682397157507,12951.170707378682,64010.65436406152,14775.618786930825
94148,32170,497,11505.794720240057,9320.446998659721,29488.631787319526,6237.6170101197185
135007,46106,413,13472.73085177247,19381.52100776409,46200.394652435636,8548.947337897142
177859,9734,739,13214.262315065085,12991.483649580352,47668.977664359685,14627.320932392433
144548,17242,680,20590.285347663736,8161.742093460666,46892.72291575304,8234.951282741255
83595,29873,612,9826.585587623202,12453.665546821096,25265.157087830397,6561.413402774278
134306,48290,523,19199.335239168748,18181.44591952477,44185.207017391826,7742.144615996706
173497,5234,536,24739.823202222622,21656.30326299267,59447.958378979776,13864.00503386319
153597,18960,467,19583.22794892785,17517.874756912486,52609.7982048052,8241.511806071527
79102,44038,586,8411.108418403188,8628.171139404063,21047.0658345872,7200.117936657813
90811,8156,334,7608.704952694502,11102.298707987306,23330.995678873856,7940.302030685729
106648,6093,354,12437.115873167086,15295.921546211825,31192.09468900623,9233.401965825782
112913,18566,778,10617.154236428603,10937.179031450938,35898.19228691903,8993.528259638999
21789,26736,562,2434.3645908892836,3184.5382538992185,6199.14299152318,2122.9714690214905
194194,49467,686,24822.014497483997,17962.50123001873,63767.709736963356,11961.674504453174
159612,27056,693,14575.700449966229,9222.13251071453,48068.935729959565,14484.378395581218
34017,32181,378,2793.5800253147227,1703.6254650427143,9380.359370244789,3057.1697153796486
115348,24390,655,14362.738965959586,11888.529909257548,33291.13531368939,11108.74190853566
97750,17361,436,6332.126738179736,5030.603024577346,27431.33110611736,6328.13371064525
136678,18437,413,8916.88474963629,8503.269386293732,34590.16717121141,10731.373962232285
30464,1855,318,3740.3449703477954,4304.611800244379,9960.192350120731,2255.8911432590867
90613,48977,819,6585.554189333257,6080.058035102435,26770.356485026885,7245.202676761396
197342,43604,562,17113.704428359655,13442.28851630355,55865.292487018065,15809.667631161125
113801,24234,448,10186.600703650534,16834.779861105224,37545.28429939467,9158.724910337582
94957,44974,804,11673.285803080164,5768.575899072489,30506.981823478556,5938.706870316389
92366,17243,733,9784.0862332907,9985.398334980635,25150.6361783757,6524.942576193505
31694,32158,760,4084.217068685257,2277.6936103134576,10355.637879780777,2253.105058647064
135578,43152,496,17158.611289569817,11662.98454999177,43345.0226529857,8357.714430910064
56049,1491,562,4834.691778476403,7062.787277412071,17880.75362489299,4146.637301208021
32022,618,468,4161.634456921013,1841.0986343295276,8518.14320245197,2291.1489847511366
74160,9299,397,7708.827212254021,9607.700808136073,23164.598355882044,4169.803781991767
193514,30510,630,11476.156712754384,28747.219281473306,63016.642931596616,12972.60684300953
69481,31003,504,8057.824475971003,6972.341723071888,18119.97109310767,3734.6220750656657
23992,44000,759,1342.1275242155375,2691.528905162769,7131.155576301294,1779.254752135655
68803,1464,768,5480.630274012082,3795.446656975327,22658.462518859964,3955.355303394416
108996,38749,827,13393.652682503658,14865.067829546088,35196.21980546782,5558.928431840475
131339,28075,739,17090.385332038077,19198.52733175451,45558.27356128973,7861.615442625721
85822,45212,508,9366.675007649965,5544.680270124032,23030.755057225826,6217.784758757439
187404,20661,770,14194.664097577495,17996.016853364552,52758.56345750293,17689.183103925006
77533,39249,398,4496.479547411001,9787.660576450273,24535.772240236194,7252.174433855192
64395,16857,797,3446.0946419040447,9508.294046977311,19554.808900108128,3551.9045419544846
91595,28194,542,9375.296388052739,12329.614909004778,31170.86222871306,8261.368743759194
137900,3931,588,20226.70831700919,15865.897629379808,47483.370534920985,8190.951222226905
152084,10319,458,21649.793255175377,9905.068170489589,40186.76744662586,10718.0340130334
96941,366,776,13921.940764336785,13330.246767558761,24546.84744912151,8043.796892555283
77006,13726,423,9107.375416760988,4871.028430816022,25790.801987231334,7350.148345880562
114903,9491,338,9138.984223532152,8102.955443349519,34540.291029277425,11067.759511768758
54079,38056,574,5118.679856674628,5346.802859218271,17634.07015421289,2855.515505493847
121233,39204,333,6288.216470458871,7962.640339202706,35496.780406772035,6879.360482632861
185240,7142,612,15252.80225958422,23749.04190310184,50215.76726795496,9400.795441224902
77585,31014,314,5120.652764761305,11305.95429729065,25499.977350253022,6492.615732397569
171650,2667,435,11915.74803947379,14932.244011125656,56661.86923707569,12721.995241718829
199227,36970,354,10731.223358124344,17620.057543367497,65321.10365390033,14922.128291724006
49994,33234,670,2642.8358422758474,6319.011941579091,15598.615770813283,4792.950442581642
57055,27083,590,6282.724488271422,3655.99359609651,15180.139138146855,4590.372518097819
176045,15980,476,18578.78286570871,16703.59236183207,45923.32814510492,11745.37982815782
46068,8705,405,5147.553262071342,6156.813056858008,11730.554455888005,2958.130351500716
188559,17349,399,23733.44501570406,15706.123957868134,57283.23614374825,10630.40978042345
140244,33126,724,16790.982250315286,7815.955406864029,48091.482939384696,8516.991247260792
145671,39527,593,9865.737402288174,16618.044879729132,46354.54462700769,9881.238470323024
106861,40378,510,14758.845361730704,5571.394815034522,27599.269535820393,9759.567917924891
116061,9253,335,6060.131613050259,12352.995037828126,30456.98284794469,11582.33197731577
184588,18453,471,11242.701479595087,11158.037799862645,55989.72083022249,13744.459783267708
84480,11101,712,7045.09704166164,8339.158504536916,26419.936525656864,6803.236789563633
88112,11294,783,4462.90065451778,9821.789812706313,23123.084229369593,7828.433120108316
62217,24303,340,9111.983181135562,7366.2951345244455,20434.001086631863,4424.371339919705
167030,16618,571,20825.730052968644,11453.100568771397,41764.972632369194,11650.20977007798
44191,9536,805,4334.351891182649,2915.7880555418724,14058.500605279673,3226.227211953586
142341,45043,384,8139.145876904389,18686.212814320093,35671.33035730295,11588.218542985958
168532,9071,478,17442.255192677105,17694.560311599445,47979.51128959573,8746.497288840816
55872,36698,699,3044.3307476642017,8290.514988049052,17989.727851265376,5377.739615217007
146487,1830,544,14267.609633890423,9945.786046859737,37321.362957716585,11886.452675157367
76854,20562,426,8423.728699152438,6463.237128765686,25210.728715768393,7434.991289382495
55203,45205,632,2873.0623387240526,4765.086194830042,19063.98960053457,3534.185156714938
174569,26501,721,13377.573667456698,9911.226725722086,56858.73675491208,16332.627324549481
69789,32928,768,6763.185489790722,9588.163226622724,20324.042810653078,4798.015509119898
79156,22754,454,5326.881247664676,4826.126419088927,22110.202400748687,5715.2374003501045
184749,46150,377,19325.258992667368,20828.933820815102,58994.714754260705,9841.953245220615
54500,37006,839,5372.105806730078,4206.799831974232,16865.53632573138,4229.566596962741
54265,44594,321,7919.210629197936,6168.189675603527,15937.822848842778,3633.4992200547435
49125,2059,378,2589.2954832129662,3651.0919729029574,15559.719097036463,3280.8307045344
196180,47057,481,21983.695767227124,26413.456929436074,65013.562583804945,13531.828676033847
166355,7959,732,16187.76237587585,24724.33700177567,58106.28619317681,15693.442126533677
102089,13678,467,9509.653802390945,15241.88667404432,34624.51711562287,5940.696315527775
47458,30513,846,3941.773583533915,6495.094041524611,15756.052136063643,2378.2893627966437
184588,16731,581,20239.740340839257,23377.25286369603,54017.199041810105,15247.500855462624
72154,49698,387,7284.364846433959,6775.9275636015345,19692.746279526717,6128.98776733192
31925,3545,518,2614.774648360956,2609.0056740974387,9408.467886701523,2463.4048678735253
159127,21456,696,9045.456153842415,17823.7966152325,45894.90838602166,14514.871645298546
128586,2818,395,9888.259650937815,11964.632578625109,37606.61034944043,8848.41222532396
194635,20499,773,26472.200175712416,21719.48972823534,66912.24108478951,15656.309962572559
175715,4966,573,12367.693234038255,25977.540505394896,60345.15062983361,16751.356292015647
52910,44634,484,6770.961915310291,7304.7731797882825,13573.917290885465,3009.794103423808
60072,39030,538,4788.388905262849,3777.189324468644,18624.89074568664,3898.832427617796
54809,24510,437,7186.180950909302,6729.38579687362,15576.567013066957,4868.851968524808
64551,4563,650,4516.436718110955,3382.4205474175274,18258.780567150912,6350.896025213514
173497,6843,758,25888.019227178724,24546.884152492155,54273.058336423535,13626.177997671502
69577,27289,837,10311.363484266536,6323.261336230253,21971.075322586417,5871.512152560166
21455,20659,425,1783.5586931719063,1479.7875658870908,6979.236602060088,1819.682585041083
131573,31914,833,7253.67449910436,9141.153927406922,39115.81054231477,7631.903727696725
150442,35135,751,15493.100103447505,13852.053038333397,47788.822422102465,14836.007230609825
85739,32546,845,12321.139695896076,9736.911596016083,29740.16889082048,4683.687523924689
56695,819,609,7092.4399583407585,3514.553723926525,16262.099850721197,4909.784156622355
140231,40341,413,15303.509513621018,10628.656791341862,40861.52361662764,11319.478803712133
90746,25927,713,12872.977269123867,9084.746554048772,27802.814260783314,6029.874809603177
187012,18421,493,14522.463712196562,23539.599876676348,54983.875137436735,13394.600799401365
79659,19675,320,4362.426877014212,4805.534868335161,27046.563995127402,5154.0221314491055
44383,28918,826,3646.92447737633,4711.241071719561,12104.630661191235,3200.524755284955
113933,21690,381,8224.648003463019,12952.814450615653,37876.1586554663,6573.290578367922
145263,38002,354,10888.963782649384,14166.58487708363,49335.723723043004,11444.345957694191
168940,19015,456,12708.934877264284,20317.59429452493,51496.98657826458,12410.35088460219
166482,5461,305,10310.492864353384,22048.041219913586,43080.03681677363,12076.832088792109
176105,46726,485,12291.821816943053,9404.567612826748,55969.27126553433,13215.818653226683
130069,21618,759,11860.303295274376,15101.038617922575,36816.68125189461,6998.334295366366
177063,20910,474,20842.40682850266,16955.789888417767,58778.8629632547,10913.450095841958
194550,24432,576,26401.081392586646,28575.801003786946,64331.127238329005,13097.750033959699
42399,7194,811,5058.667424621423,2678.507078373299,10896.612992406854,3682.260782336882
109840,48974,753,11636.642827878506,10829.482963272661,34458.00645009959,6291.967652700496
85435,29197,475,11743.320429241052,6181.254429762711,23154.955862387775,8024.728579927563
148476,7942,838,8435.860729976255,17080.092506675173,38690.66131649676,11484.994119576573
172670,13374,673,11814.648508377297,15762.409210282343,53049.00598484391,16361.499994356996
158573,24707,623,7964.009582998076,22024.42870592641,45318.63004442806,10852.458779842274
141519,45853,847,13591.194151982447,11770.652607833463,44171.86242374463,13923.095807465426
56798,24662,783,6873.07505639091,5609.587261374688,17047.22129296292,4446.043614492287
181253,24243,303,18128.07325829942,12098.914174199575,54961.270531069706,17832.946708625193
193891,13361,718,11363.71160026997,18079.179452639844,56902.3410730572,16071.95240122871
158738,45126,587,22432.436611146924,19468.029558894625,43704.99559809467,11219.974376999502
148177,7593,361,14953.287831885105,9630.837907568191,43809.941105616366,9058.369812647277
80181,24135,664,9793.060940113939,9623.952951468616,21063.210243628357,6534.776516313434
88626,26058,551,6621.880182104784,6330.862658622535,25963.830403588432,8807.320656874745
169351,8538,507,9752.290905861952,9413.292138219484,49768.27175813885,8690.716072695974
186567,21693,682,15256.468440661172,13844.259565832037,54554.965458139566,10974.951173927926
95760,45500,374,13549.97754301815,10371.261442250634,28050.65954512873,6271.072737779835
146362,7022,698,14921.66330829382,13052.130752146133,47279.44880823968,9521.590992996023
199796,9141,325,24087.22599722176,19384.123242316622,57641.23777987594,18565.66144021115
124227,9243,429,7490.780444846297,12544.06481881627,40237.22226554866,9862.63634808751
64883,18853,616,6367.025356686561,6340.4373532517775,21788.926193520176,4416.813395789978
111971,49111,538,6309.345153115609,6052.226358446733,33118.74318224114,10851.56736375461
74430,30869,514,8846.881789965335,7052.987524210824,23653.05421457129,4069.43697651018
151531,1948,557,14869.586298604703,21073.532873254495,48691.06670775996,11392.505092286927
106796,41782,591,9745.743954141211,12886.089848649512,32462.26316313575,9908.454661582256
69400,42420,523,7863.042471856401,4046.752144407309,22127.82258771462,4333.399588472908
58621,2109,511,3976.868553669558,6221.922144657012,18614.612449298722,5383.120406701747
172201,41461,756,13340.822136745159,22732.488789002204,43584.58073473541,16681.688308864
188530,7840,506,13655.987147266585,21572.686304938667,52531.890749990926,18626.9861022419
138480,17941,515,19910.480404173988,13739.768831215404,45369.8335499578,8573.234094260255
147276,42757,508,13926.35331537774,17776.018370334248,47657.18375175217,12731.441274356366
52555,33437,310,7148.87458979618,3720.276433911172,14271.410986687048,3371.7190601392003
198856,6736,670,15022.374890406547,24613.2432260802,62288.25128458511,19412.675247718005
76529,21798,430,6768.975527397334,9744.641700481265,26502.344070397623,6414.818756578304
119450,20260,604,10667.126627495074,6811.386720582418,38162.26651919202,7182.223854132597
106538,47718,481,6085.215502626705,11255.6099039756,31870.213406670035,6596.967836539706
96449,27655,451,14268.640349567491,12155.224584793747,29912.483385128653,5180.932263700644
116028,4633,788,15377.522024416521,9294.549396470633,33429.285026947466,11481.192966729293
159508,20962,326,13154.894729203492,10291.715760433104,55638.213568063344,11479.32379283082
186175,31815,332,13612.78988585635,24128.949027514886,58819.58237376527,12731.745008696102
53779,8163,760,7203.14924964479,6589.715130826806,14800.008783925328,2975.878539563401
49287,24798,342,5603.100778582513,4154.322259361509,15788.088146698381,3407.090989756826
29513,1499,536,2170.114061060965,2468.5778764575552,9204.46958486935,2667.6464514768204
65694,3668,661,4240.882142498393,8324.151406616515,18655.183820086735,5857.414630657574
174173,35637,577,9294.786075942364,23410.61745322585,54940.75712315421,15799.661130576182
37727,46693,849,3161.234822242757,3368.7974242633663,10470.626646457025,3748.7793324870186
121021,909,408,14144.190006478419,9261.047108314022,41858.87675219661,11265.520057438867
188760,3733,525,12429.219524077813,18072.16567336743,57621.16992086388,16740.71606955238
162491,26401,593,23268.45285143312,16808.5210676317,55297.854942360864,9291.217844370163
170228,10787,716,11005.786875082931,18227.32460447472,44478.73280835142,11468.383746247458
112982,17826,548,12373.754436438703,10034.871514399116,33002.910957312044,6854.893894099759
66082,23603,731,4413.821906091492,4391.133072025157,18418.310778374245,5560.603146443638
36543,24157,701,2413.667348948431,4757.224804810437,10222.428703684964,2676.8365515757214
159969,16600,821,13819.577693554667,17000.627333384353,41476.2225295989,10212.805034123016
59209,37114,704,8078.49216097731,3016.654906711841,19159.025356787784,5206.148610434046
33982,45324,785,4398.742130790128,4727.504301734545,11033.359957486904,3009.8956736588475
70908,7739,813,3948.6045694468344,4723.623309342395,19438.697536723277,5516.981077822348
58057,5395,820,6555.059696194613,7636.16278713103,19903.604424003326,3807.5011130667053
51081,33130,692,6174.224004612657,6514.8817801029145,16211.096391901343,3173.900432673154
98653,17667,786,9529.267913910673,10224.630133552524,31678.001022607572,5894.263997826519
185230,993,750,12449.280671588775,16114.787405487654,56929.402593426545,15353.762243837988
146837,38820,411,8576.004651138306,15243.510897981052,47989.23507968402,10920.604551131995
116822,31889,744,11518.165691232733,9960.512757153965,29316.449935993507,11401.461150662737
51983,45287,829,4902.306050611225,6609.199669790936,16364.510785544215,3220.6087020939544
93297,48233,476,13223.876744504136,10360.164520866168,29183.09104582851,7182.92616469665
68287,18474,514,6460.201879218149,9007.90581093469,19316.282889901417,3449.556298983951
85544,24951,397,11550.501720839631,11530.143411405972,26034.567643403938,6847.168385735251
20053,22118,706,2504.462015342751,2685.1040336318624,6002.369002310574,1300.1890338575595
168678,12576,649,22478.358516266875,14648.37060212292,44385.02605529016,16668.9654803786
39958,24776,449,5282.043583197683,5405.118929469695,13712.262512405377,3794.0466107963516
108832,8567,321,8873.599095084659,6858.667593039904,37297.56477353209,7764.736678347173
136150,31363,507,7335.9080429796495,13525.85169057255,40215.140744048775,11061.670816815144
195304,46295,768,13152.681625148298,15724.905916998841,66053.45204241973,12317.145583521924
63761,12517,814,8841.483650946446,3963.2650842300563,21629.324241361493,5724.424868369666
134717,15598,393,9416.149173850761,13668.736150980065,38477.22255316715,6866.07030836677
132612,4828,334,8325.83718676544,11910.032750065833,42515.31739118167,8234.122787233713
133075,2671,559,9149.399358063309,11563.920404162536,40420.66395302946,8455.757162053493
107779,33837,509,15174.947282459689,15425.174839920808,36115.186933310746,8490.874354375366
136537,12838,474,9809.364990420127,12229.883431246239,44033.00977673791,10167.146534038517
103758,31238,495,5218.160698010281,12117.917429403167,26537.24731028782,9297.264094408969
97817,32144,382,7189.843540466839,5546.7961293514645,26041.983070607403,9154.125320402318
43124,21513,729,4717.37907745554,6194.953711373584,12931.523321309869,3706.6598027802343
73984,27220,795,8481.736753372294,11010.446284606565,18609.89254749388,7234.0196428609715
128941,15232,478,10680.677748700942,17868.64385961288,36177.88652710494,9125.943561431914
183430,13088,781,13724.249246134586,15276.65673328132,60792.09722223496,13902.686691478135
196266,25188,824,11450.247801491101,14608.746574061091,67811.89319941659,11255.42593374624
46631,6286,685,4617.308944769546,6591.341432799684,13156.610356907835,3031.747014152787
88496,24,815,6020.229778227377,7501.720251693816,26684.442961634115,6196.702241483237
67166,28331,482,6341.0205275131775,10009.713957876334,19346.357538676923,5588.67719051491
180327,9482,386,12509.778695815561,10410.843765335116,47718.8726539603,12745.818915762373
159798,33311,524,15087.768263006254,19753.99308924247,44146.90772554988,11563.623530495906
166223,38170,811,15786.49863295041,18923.98664600462,43937.49889197143,16089.954277631216
161692,49633,548,19724.526178028544,9908.827011075824,54722.621698873154,14319.65856034245
139590,48944,323,15570.87786904822,18274.647104000196,39902.13996692711,9209.28777161384
127232,20460,670,11051.090064815337,13750.020362291847,43814.36407197569,12269.212801936532
90111,11487,474,7897.791112594892,8154.272234753783,29825.694351814655,8474.068552828212
113340,22252,573,15955.721448272527,6529.180749538761,31774.86528947517,6636.623089232896
32250,30862,821,4526.3768360638505,2766.855863330751,10531.654725783465,2897.5948368718236
20589,18130,540,2154.5436572815065,1984.7233299054978,5593.076850033644,1553.1445577837355
140674,1073,330,8088.694002157951,9525.48555970677,37850.11192095743,8131.1990044579725
33409,21847,822,2464.1983363656723,3300.2579470475666,9430.086931353062,1968.7655745163156
77744,29891,769,11624.000098141407,8108.145108009605,24103.107312155178,4741.575454569295
91659,5360,693,8231.1023882956,8576.452159575632,23990.235721463043,7368.448115821841
190314,10057,317,17759.229660830115,19563.722882134225,55686.32195410782,10582.673520789589
53571,14874,372,7079.507042681191,8023.7331151095605,15091.09751733139,2775.4715628592517
181077,22637,428,12356.111375350562,23196.716848365195,59004.36507725856,15374.767408553174
40340,41176,399,3685.3511174905784,2332.001907704213,11445.44038844734,3211.1364306503756
129216,45983,305,10412.72606214035,14868.564802439076,41033.424993138455,11501.703972104777
192687,30270,563,19717.53270107179,15029.57542439783,61022.86716693953,9748.886408083328
70005,2675,667,4882.3066572192,6441.066557665332,20756.865898544955,4458.883433478388
24001,19557,369,1372.9021026448563,1336.9471968204703,6367.912125883043,1408.8808719522085
27632,25022,424,2591.890793810304,3185.548786886808,8673.807978019948,1810.5227235565153
126172,23338,345,9109.586503942463,12854.416107531018,37278.348076432485,12598.775059104259
196447,26117,386,10141.918063165813,28727.313200116885,52618.28926826229,10036.661171895961
191403,49814,722,27568.773801688563,15463.962683721149,49451.651248214315,13090.38452928824
76895,15935,467,9396.494782495192,4275.055301472019,20300.82597533722,3897.339544483401
31018,18187,688,2542.7687045686216,4106.6717087771385,7981.835244543247,2872.954094719733
183646,46692,723,15186.111132445005,15286.654755073949,51213.20105995286,14996.986614110769
39467,30268,767,3481.1956670960562,2339.2558368533905,13117.506843784213,2149.0863672844357
91238,5298,822,6784.057168379796,6412.914757634735,26300.62992200374,7728.981093172087
180444,25373,840,25225.405079879347,21006.357754376255,58456.591102911145,12014.678198049014
109461,2680,328,13973.670085317597,5528.230259889632,37557.58596839369,10113.599752798986
196632,12194,347,19858.1618621659,12309.100381666607,65653.59629056547,10181.953454406737
123253,45431,835,15650.560977214858,9920.57108898696,32994.99031934644,8054.416214031882
85409,20917,573,9919.700895645072,4407.17003728235,23052.982494755317,8385.425947180831
130267,47765,569,11587.006423604043,7454.869433048814,39251.40102975635,12829.189770801939
77587,5878,392,8878.592843277069,7182.040298051907,20210.11134626113,4607.951695658804
28407,47663,686,3146.036026963373,2603.3331901191737,7827.064034119123,2448.99998547095
169949,8839,819,9322.92647797747,15210.339081917971,45351.61867375356,9233.621169506305
31706,43748,445,3800.2740302693164,1957.491007023125,8169.771099828571,1994.0848763930633
35210,24933,648,3380.913733399825,1883.6480020467743,11252.923774099845,3379.9822715134515
63555,10922,660,9371.917904218559,6755.571207280166,18657.19485367581,5139.237268510182
154538,10320,722,21038.788327994294,12642.548923983577,51870.07191377678,8836.106256484336
135847,44402,540,17511.372803033708,18028.39531599802,39302.974285762924,12419.24479768642
150903,44410,416,16507.000336608988,21169.828686854635,49960.12951759313,9243.8250057901
191504,4747,699,16123.992674603167,20639.369225227532,48621.10280899994,10220.943988153143
27833,43091,775,4117.559609945894,2977.1615965980122,9474.112058898581,1559.6123458588488
132354,30108,650,19371.718284662824,8344.592907237084,40265.1028148299,9860.626306262864
168694,13753,747,17323.780663911777,19310.150061024786,42547.87638684138,11574.86741634497
145707,45590,560,8557.765651628722,17741.16901750455,46867.519750484156,10932.051606194518
97715,28234,603,13109.952961587916,13830.59943424617,28582.509716240525,7023.582682517501
83347,9142,789,7846.986603557678,5676.517591266302,23594.363986690012,7984.03117601473
140939,2457,511,10057.342396357493,14220.2497877298,48687.65300552774,14016.233891957776
104971,29545,698,13481.37349813722,12120.953147717399,30920.437127799647,8212.258984860957
179468,14666,682,25227.3146895961,16850.960723366068,49178.70491095519,11336.988603294147
53114,20066,626,3690.847615195328,3005.6167236056845,18163.38134168084,5129.417485080243
35232,22185,777,2321.72852134382,1899.348895253052,11195.595312614963,1838.4457899710646
176643,25816,376,24194.222796923383,22028.561063057125,49752.07633083473,14429.906100732707
91069,39525,742,10270.791316119821,13221.651033227277,27538.656210306326,7371.7826304984155
132456,4919,747,10895.558857426558,10165.804148906424,39841.93848548792,12438.561153551664
113369,13075,482,8129.337610498176,13420.743304648762,32330.108536737345,6101.828314054606
110542,27495,843,6197.454695669174,14031.56610125776,35444.902992408206,8497.22301110572
185472,20905,540,25856.063267855436,21109.38204364572,50186.20459347535,18022.934353759152
58904,43249,578,5301.914746145151,7136.941768304756,16659.773462292396,4935.825431572987
85903,12268,515,4502.111130071901,11966.951759677757,25785.80007637705,5138.575178199504
180375,8194,337,15477.683702635975,10537.282775126032,56847.72920575049,12777.411430762955
175543,11313,598,10366.381750979845,15303.520522211245,58340.20587513909,15018.440374314026
193006,13567,488,12069.715205880371,23469.83630294493,56734.153981282645,11640.9387046935
142942,26269,793,20596.377125442552,21004.93434728246,41967.46143372855,7158.028687656604
135535,16692,782,18605.67808614371,19406.584141506566,34317.41706902602,7848.576527848536
190235,45327,634,26327.671509071497,26922.727900735255,53517.62519419925,13168.700281846963
32988,4612,542,4727.110932344332,2366.6229739820483,9187.34920723328,1837.4301350628955
58562,18642,561,7290.759128033912,7973.308729952437,20450.19753534608,2930.3435173758726
179857,14936,529,15760.122024741415,22265.822168398478,50498.604753728825,11767.024100760325
177752,24236,617,9050.419758756583,20436.038669234797,62193.608234548294,14339.819776555018
97186,40676,722,10252.37297728956,11835.110390167685,32243.50344202626,5209.325268277939
71968,5053,498,8022.498039577466,8794.317800177678,21787.65096210881,6844.38671360708
166343,34072,756,16817.563782686553,22596.605809800058,56814.63717675255,13662.166956455098
76705,22210,550,4939.217786570781,10862.042696167362,24466.80259393273,4621.302539007208
105653,27510,446,8637.448950946222,7155.3114800822095,36001.27535610943,9645.759969033223
181738,36666,809,24896.04659258831,23937.036646069682,59558.92105807159,11346.277745126425
103700,24186,512,5639.451693247471,9272.039701644191,25933.253021093427,8910.768587780509
137270,48362,486,12029.478503474427,9935.203592306594,36699.35728327588,9866.973006989863
194400,14793,528,24934.42339810442,19200.248442100383,63326.8920122294,17802.89625753741
180711,41137,505,26597.82488340069,22425.485979063025,48830.585272855125,14315.477418387469
114980,28394,607,8973.952091193987,11957.801773941455,35178.621297447666,6330.239745551401
171791,17200,517,14556.698544611447,10240.02216639873,45463.586789085304,15421.625309850928
35542,37718,694,5162.732232671452,3554.488676280823,9588.162690418048,2840.374181010902
93442,49936,394,6870.684879881037,13528.480445451693,24917.677148304618,8791.012808742444
182676,16088,687,24476.300076336185,19154.943934724393,52079.485398647346,10014.593427863296
105944,40111,848,9529.045324117184,9107.507979696733,31818.33126541386,6823.7215649385935
65390,23391,648,7659.27530013249,4932.41649458313,19244.12634912348,5762.862991836476
92342,34850,465,7715.421724801489,13707.01826194851,26387.02657169092,6175.879805886644
162235,21607,324,21077.227250053886,23789.450118162218,42222.32568121371,15198.578331836961
139588,45101,490,11314.406736409592,7183.1664090987315,41508.52832657646,9906.770397613807
156210,40980,664,20037.590017047245,23259.78843862034,46287.44118457873,14751.218802365825
29006,20801,785,4300.592657744707,1880.4633727047303,9185.962621492657,2158.8529082249
105989,2180,648,9357.125000763588,7418.521469569273,30943.37553647741,7391.831442625237
139213,33748,599,13010.66451221476,7888.526918700258,42101.28122986172,13536.87340948767
149718,39760,360,10032.934303882863,10288.795307057404,43822.78374380837,9192.371232848998
144691,17577,716,21618.00225240269,9010.418101178231,44937.32542058437,7593.927770102537
96052,21705,772,8449.60197777083,13967.71338965773,30912.82037712612,5987.052027209789
82795,48803,542,6039.169982147404,9884.912088947985,22390.035670817073,4723.887921895207
52807,7162,556,6579.906930096123,7832.445271535877,18224.08311874438,3580.7521593429065
22461,3127,689,1638.5254437677588,3239.290262216869,6075.186821876601,1201.4840300634537
136149,44410,541,9555.544777507113,12397.866142417866,42325.51714260708,11401.566353077205
113362,3675,669,17001.92164407046,12129.735638565271,29330.19089485503,9996.074700871024
108916,46493,710,15906.908329861895,9341.793391790436,28353.02851862084,7353.31212252395
135794,32180,557,9622.770769263903,10584.903073048752,37565.83180137148,7478.46046361414
58339,32609,555,3355.876509719998,2939.919129075036,14777.290050706399,4407.059862346438
183475,37995,645,24892.646319667194,20929.079768950873,53335.30791458415,9974.213791665688
91682,32804,634,6655.682274018069,12738.396778023012,25088.160002376215,7807.084547340498
155791,35553,316,22295.136879132187,16610.061481888893,42383.001951622195,11245.833621568747
145434,43699,626,20838.03555236556,19611.506538790174,42140.81581069223,10466.816490278363
180078,18248,447,17376.17249851476,18201.796248325118,54274.18866874216,11888.293052657711
26267,49297,420,1967.7475409496249,1372.0793895813001,8519.518278625223,1775.3839359531728
66440,47461,724,5965.50851846964,5294.643907733976,18236.24980987747,5215.45464976939
36642,27096,604,2815.359661655799,5252.905192870183,12522.158523984233,3333.8973028724877
199365,45757,503,21291.665747063988,15916.722792341563,66779.7711494735,15298.062230357318
72596,46376,553,4641.666177914272,7536.6125940707525,19446.525692444586,5269.022513728527
37140,11126,666,2408.6890038025335,3072.8190763251714,10089.777592237848,3699.3185706810154
137539,33632,614,18423.452947613816,19093.502675323492,43528.22192113287,7104.246287916732
84248,33822,665,12157.095050794376,6562.659697556237,21628.441554059093,6675.073137705381
193977,25029,362,25716.14112488446,15478.614353064811,62443.31485623634,16391.314261672072
136754,23124,588,15602.051872726923,18251.156542341447,37555.666999489375,10284.750529195606
151269,22445,392,12550.015507477949,12790.708534222162,51360.93214469114,14251.974027811098
58560,42478,371,4943.196462896284,5835.794354457419,19731.720070362884,5200.791232947218
178628,14795,476,16918.481763801206,16891.274981069986,50024.611435928164,12647.889016626945
119667,20112,666,8327.435753275808,6377.235328047175,33730.68463825923,8506.727319679017
63687,26147,624,8443.499604437471,3442.4114849864027,19404.491873384355,3742.2523336842523
154306,5190,790,19276.558153183545,19244.607639242713,49938.82680559561,7985.152794194632
22043,29242,609,1577.6002041626434,1179.820312978531,5707.022701709814,1839.3520539545245
49898,16609,336,4531.369153997009,6035.744324870043,15597.227660532082,3070.928706682629
20583,22458,384,2041.806129467783,2826.096553255412,5304.622627103624,1548.9982020638445
136255,248,606,17629.293305331754,10332.135712313064,43291.34743566907,8156.521742021162
124182,27609,324,17930.765337769604,7114.816768907185,39515.64180030024,10212.02575123051
26789,15595,362,1909.231454499217,1411.4128156178754,7965.085065109434,2611.481246932662
76619,49590,826,4679.041578173942,11369.814708325805,20373.937758139997,5451.931774976286
135507,7669,392,16566.223338339005,8740.827057499644,45704.01350303725,9854.720668940268
102043,19563,503,5638.8582165778125,11023.14820010256,28993.424369755554,5231.094737808458
126286,17409,393,9161.626282392685,11273.375635199067,37546.6758707054,10564.397781726364
146223,18177,733,20193.21014708806,17249.376320193154,37980.57886029691,9407.058013149797
45962,15471,547,4450.368913840971,3076.2000302452293,15950.357701333654,2917.505675172595
68927,36327,377,6072.4418778847985,6571.821955116385,23555.995687856434,6422.81748367493
33896,21709,400,2815.564184746914,2547.144913029878,9468.841526916289,3098.8997841369996
75304,39797,769,6455.959958508281,5144.007808873627,23762.364029348697,7284.178730873433
178782,24365,511,10728.623800164658,14962.286414773795,53536.61028321688,9998.976613403356
192661,24682,323,11004.941694605875,28410.661481671414,65429.526799193016,17095.162584318216
137540,38705,368,10122.319923742443,7570.660203762229,37002.143207953326,8963.889727801796
135373,19278,649,8442.44285103575,13600.716458230367,42936.03787217522,10916.894457810928
48849,22340,454,3961.0368351364136,4396.826157686964,12510.751403367909,2718.9690853177403
159683,33609,478,8086.977113317071,17470.54437579564,51968.77142376289,15030.136435886516
155118,14170,486,14758.73762988145,23159.27316526923,53333.78383858045,8680.093541107553
105694,33440,616,9997.926858607963,7710.726520279381,36107.283521572805,6695.366206439653
56225,29582,519,6783.802077748452,4107.928462059093,18838.28528994262,5431.1851116179605
196120,43195,731,19218.115080919135,18559.925898906073,68407.75014705675,11743.406545400878
155635,8314,417,14135.550537319194,14881.428555075707,54001.03934332107,11405.677289957674
181251,45529,653,13564.512180730571,24692.75127133087,49985.30331715054,12148.95119018111
21548,2920,342,1387.1878701457808,2170.5939476307326,7036.039073128753,2049.3782994498897
120246,14212,424,10186.006332750618,9662.567382737581,34260.33642991717,7108.44651409112
42060,20840,450,3751.8720267516096,4361.068865525803,10728.18646603504,2753.411129776204
39448,7890,469,3670.977518150007,5295.459101615502,12001.673506123405,3227.4151664635688
65551,14744,723,3603.1717955312793,6407.7760477973225,17674.12869923107,4516.476982342546
90022,20201,729,6414.179708542889,9225.392119033566,22713.403294911463,4634.604937032539
108573,21268,345,8940.183818335212,6782.488887988051,36288.70941629911,8043.867297001842
190373,20700,415,11651.245405916918,22101.444238607746,65651.63088126316,16871.080671948228
142030,20171,609,8399.959822844954,17025.338187544246,38605.07420394237,8784.11025689678
94140,47977,742,4870.197570881061,12332.595113616464,27979.553693891623,5857.763195019415
50981,18793,655,4675.237619495084,6958.677087106919,15304.45849223402,5014.244407182624
175606,21115,434,8792.208865792232,11871.573386348777,45977.54647305693,17115.245994268687
107087,36621,702,11942.685175626944,9012.319032604068,27518.542566793185,10004.584455265478
83787,33125,726,9329.47545367202,5122.930841180082,24472.012003357537,4574.461677662317
58620,1541,804,7782.180302691963,8113.112969650027,19464.040845868363,3737.0798920886823
134959,9657,799,11177.544238694109,6810.912577825244,45755.06644582972,8887.928281618502
94719,9221,718,10487.113548710076,13876.374582073193,30608.653527087416,6507.975281456218
153526,36309,401,14720.428348637926,18254.017026952948,48915.82746009646,13942.142276414292
129849,19652,374,19144.92353589784,9928.469870102348,35060.913719147065,11088.087650551337
128294,29187,831,17861.77283275262,12298.26349922711,43010.82232139739,11814.41494777941
81372,47501,347,11369.82360033339,7314.25788733474,26008.195913173106,4450.236506487052
78078,27995,524,4983.8331365001395,5800.045294822613,26107.5791840605,4012.2922234165762
158674,29899,450,22979.659317537917,16787.16113990934,48157.343724867744,15430.397299776982
176203,6244,301,25675.221285154013,12165.395227734338,45797.40940940238,15548.682188458519
50685,19419,481,7051.189678617868,3432.57071561828,13815.11821101434,2878.849332616085
183881,31444,719,10690.25978472777,18144.272427754877,57066.458879555736,18161.77949520572
69234,16018,445,3700.597370444661,9975.518467075279,20742.971170077944,3497.662799953765
24527,46128,402,2417.427124704683,1863.0695958265646,7416.9242503500955,1293.9335351203047
81759,24127,453,11020.895195267289,10693.802634574275,27105.510441785875,5677.001498709997
21030,41013,300,1159.1377158571183,1642.5517182589808,6925.6854726583815,1810.8418582513966
106424,20460,701,7394.198350740964,6804.97152270655,33455.80589614232,8806.731803081613
186350,4926,418,23142.43752119011,25056.89308322521,52523.83097606097,14793.82434215646
52753,37823,649,7067.673567484442,6407.269757608147,18149.378502013373,3525.8782214258335
183593,42198,762,17135.227236219598,10260.645899016237,63570.284541607245,16462.011300551556
186762,33998,751,23378.98691840726,22935.433441453384,50318.828460037425,13543.969198689423
55997,29634,519,8221.904771984737,4960.306842670816,18643.81904773719,3227.0800297108517
179973,43908,497,15302.526704406995,12865.573185078223,49726.335865977264,17606.30006967345
157829,1904,794,11085.355301685884,11448.242117013497,49379.72173966515,9011.620777453361
88437,41381,739,7192.139855469575,12299.216626989519,25383.424588740498,8108.685416660965
156864,47007,340,11824.55984204921,17958.179263417383,45428.58209702556,7849.295448180263
146327,46362,724,20166.956163301744,16512.326948612972,43091.38019279599,13072.356028841272
90020,13454,542,6161.598223954569,4664.3516283604795,29283.80324585227,5024.769843233632
127477,45629,445,14408.596072210765,12341.46634011311,40198.917143704784,12247.467507756926
54052,45837,826,2946.875172430639,8037.225747602812,16401.428916066725,5186.605492713943
116307,16087,843,14636.836585328441,14114.75932487497,34763.92654591277,10511.097823479751
132314,25844,534,11376.762250148484,10185.02610953027,36831.88024592875,7626.267719652409
192047,46542,846,27989.003657699246,22604.514643940296,63398.56979200395,16731.72225633574
122583,45925,773,16340.915014421109,18131.800347474935,39608.060717938744,11040.743129367464
113616,34370,743,10255.67284334512,14576.203795980256,30699.417631386565,6819.944505582086
56732,48833,837,7743.33291141089,7108.074548748566,17225.99276344924,4202.78639475812
76610,11343,762,9444.032920915923,8372.39630287222,24775.698848971133,4454.497501375962
67153,34114,815,8306.124408886673,5707.905169517874,19316.741263736734,5241.292183348718
70110,4582,447,3823.8568680755907,8134.303113197896,23798.63975347328,5147.0313407682115
153462,41016,488,8872.437303661149,10365.171491279389,39597.80171746802,8402.76806511951
56581,4388,780,4546.820501714026,6018.295585421145,16397.145065334546,3193.622667402938
36315,25707,729,4043.3020350095057,2229.5620026192946,9449.710630080934,1881.4393165150975
113553,15353,346,10069.437086542175,6737.338337998625,35397.11648341253,11135.595263929463
96460,20835,687,12444.596604965463,8156.154930235686,26268.301662448917,8626.649316323541
168803,19262,769,17713.997110023298,19281.069624499476,44158.75203262494,13104.394436236727
127075,20640,600,16205.116447856748,7187.769383451791,33714.759804082314,10666.018380813737
188384,9185,303,13752.886257449789,20711.423646823285,58323.49936958133,17426.81961196746
35660,7909,454,3071.056524766853,4922.917328954118,10721.681412143163,3021.522817667823
118181,38536,748,10534.039876850122,16175.534346102657,31613.957805300914,7632.979553933191
116987,16636,313,12068.611779661322,11073.91071922862,30904.991321482372,10566.201360379635
137118,48696,650,8361.612734806879,13074.10925521239,45384.98621621718,9850.256323661833
119698,18705,691,16528.390490228718,15096.896759826253,41300.03293533975,6608.0312947632765
97920,17492,705,9835.919245894913,11555.7897410372,26704.49979720687,7592.344883521906
72894,29999,463,10433.901011778744,9615.857948517165,24252.859076115867,4380.988306166363
148197,9400,801,17406.63675600788,18203.8960273174,42162.67647753353,11199.228115341162
22467,47169,812,1806.4864437596618,2425.5619051069584,6347.120527049212,1889.7825971127643
30410,23150,565,3575.8310338308597,2283.0958774189035,10491.615598854718,1980.9023811875238
155740,44112,843,18472.41515202329,12238.055400047031,46593.42282135461,11129.004595138937
104291,16820,700,9482.707898748306,5369.156807129016,26579.80670447845,8430.298747106237
102508,16072,568,12203.182321418251,9796.11780274926,33722.062427310964,7170.764232363149
53622,33755,785,3034.462086585758,6190.262820329845,14663.359630888031,3681.0180230979763
105708,42095,388,5936.214874683616,15522.295611197334,28887.44780922408,7023.102777412251
60255,43092,847,5149.593759387648,6122.750643731857,20320.61494400132,3185.28332234266
75481,18243,741,3846.378607828638,9981.502686306889,21745.05847667259,4461.644560896308
64435,18908,703,6425.70919613052,3422.292064436725,20282.806155164744,4772.779078963284
170370,14831,625,25061.993428379054,25273.302180261286,53467.11918673183,10128.755927101494
112809,39471,793,6615.048909644659,15290.210251283075,38795.394873168065,10326.928796299178
197758,13690,465,15103.556716250523,20159.36316302731,56403.53123855162,15826.270381564516
55032,19750,434,6159.191133970528,5882.379067734736,16661.592854786904,4832.807662355179
132338,14284,343,9387.464850790857,19229.591650502003,38426.844152915655,12757.775356899638
46332,27357,534,6862.626600820949,5500.703334851852,13975.709436736182,2808.2352744446607
24769,1476,605,1404.694431313848,2342.2792274914254,7047.384135290281,1253.1243075016503
28409,16670,709,2780.6072663799723,2465.491879418059,7663.909380831343,2141.6067584225684
161141,8109,605,22046.698648658767,19114.228914303447,52354.75538123189,9331.603865902547
182099,33819,747,23868.741120520743,11192.165472977656,50939.41239132297,15360.271562613505
162997,40387,464,13406.860034612168,8729.740435630762,49246.857693599224,9302.218553876794
48903,25624,724,6432.474894809662,2854.1273898267104,15554.417186398927,4428.325004990269
27637,16292,432,3639.599543360215,1673.7436692273836,9016.75569840596,2674.3168256126846
31652,44893,362,1946.467024978647,3337.5446799203164,8686.121076617099,2287.4228256816664
175276,35583,774,18216.93767905149,15261.421650074612,46608.655366883664,13276.436098847618
84944,22588,381,4558.632513615324,10925.548847380333,25641.59025459274,4528.918387848242
45805,13450,732,2824.7472558954955,5844.87509025131,13663.600682167296,3038.824706236995
69761,15545,788,4205.210669575537,6674.189443297428,19122.53686381286,5789.949141324103
68946,43963,794,4597.406868179516,10198.049519298309,23909.05841228097,5064.25195535344
185023,27859,310,16686.060412947827,24020.009658276293,53073.385129572926,12937.600875373557
21254,30467,391,1547.5805097647517,2787.130424502757,5685.818753571448,1574.923526151287
140316,14094,449,19917.039354865807,17869.14123344814,47243.93649961159,13242.206772530288
177654,38334,659,16512.885710620892,10518.617366600263,46080.892663991894,14694.596697446124
121205,23031,534,17449.05037945626,12366.303697918951,36658.28166564834,7385.541720540544
66603,103,511,7085.286066887245,8092.975235731334,20920.794344297363,3810.9776234150313
186115,49914,510,27160.96340070971,19746.017527513355,49721.2492922549,11308.037239655327
164928,19085,483,24002.32514321358,18176.45830119891,54131.42784759992,8577.455069088031
147316,22313,490,12499.35862459559,8478.809253850111,36919.79935188187,12420.445634395148
155215,35703,367,10887.239972711608,15658.964247354288,51757.3907645104,8069.093705375482
127991,12393,490,18206.36580064651,15907.210861196467,34281.33492411082,10770.158633146342
91815,5643,681,6962.56050661732,9330.979423385283,23682.547509239866,6711.457208008055
116690,45932,818,9942.547506349365,14659.82569339714,38918.613862609905,6090.301978071853
24670,13163,815,2424.907060664792,2793.6336877867197,6685.088216431633,2070.7762509325876
174727,2980,439,13904.859952932069,10363.459281332625,55678.554537402524,14405.927670200886
126758,34943,342,11768.778739885092,7354.512162949042,35337.40003789509,12456.227884286869
110977,26403,703,9320.272529714355,12880.390617741637,37966.970711932634,6390.756273106439
61148,24885,848,4170.950200821319,6922.766961808286,19521.250184854347,4493.252252800357
25985,37615,842,1372.8216458302486,2498.707602648702,6966.005012908045,2064.0040847826867
86016,18678,834,8060.702516017549,9391.578633957743,27359.577786916132,5318.547674997456
165047,30444,310,19339.60517414028,13963.450236583993,47008.53339257952,12207.066245163318
106054,24375,630,12059.41486750312,7187.413812369901,31053.362337351595,5385.71112553062
37273,9658,849,2672.773495817595,5248.979223138156,11065.940035116026,2987.9813449740404
74910,43986,735,9814.292786881733,8362.528457253044,21571.958756267937,5822.462992628772
158069,8439,341,12949.950361917357,10126.676533763706,47420.593620547996,15588.98187919614
154634,2021,813,11938.116282989102,22019.793797963415,47931.863778365994,9727.47706479383
57417,38998,676,5772.256043536324,7686.398629706579,14384.953748762011,4137.782714337497
181816,32300,755,22492.76455801477,12980.124495471495,45611.09824789329,17195.22015917022
120257,30630,388,8442.596474109067,11894.142916498322,40116.65203463131,11837.293498291252
87071,28740,361,6506.989371546066,12986.423511893518,26352.206577892648,6604.023131968276
85503,19931,770,6595.618026094811,4335.942857213531,24924.818268167797,5100.0270485265355
53275,1767,823,4500.663715751513,7167.460217929391,18108.46468181332,3399.156147098151
110279,41085,695,15649.878051629297,10728.637663541076,37058.1261444803,5920.932806142915
135067,9747,494,14353.036015629124,12897.011002264328,38028.99223111275,8173.679871342996
182051,5713,529,27306.579072722736,14269.16322779606,56690.25448016853,13084.498541356304
115078,28472,651,10642.433869176242,15222.53613316833,37821.3035569047,8406.529833190054
127430,9694,458,18172.27599969387,18150.636535639296,42631.30520450115,8502.8948877713
30926,48027,757,2824.8400823445786,1961.3257387094634,9266.907325918099,2152.7127357000527
38688,8241,670,5021.245273616655,2529.348719404105,13346.931094671234,3335.328165280801
162960,26259,826,10353.909680497864,18618.191315074542,44784.41791617525,8861.027432185938
165610,9745,402,17875.986361870426,12232.330363539104,46385.499972512276,8996.055203016958
178921,37969,321,26242.151402213647,20691.319337738416,47393.668499049265,9262.850497261634
34080,23874,762,3671.2186399722923,3606.9615408061386,8720.145983725748,2047.7708355775833
47429,3579,544,5162.637352984206,6447.104629480788,14686.471807872224,2530.0163190238322
66558,44150,720,7899.933734747452,5602.5253693577415,22682.557641598873,3441.7223241835027
108354,21814,532,14970.942932692009,11430.589202282557,30489.75418024259,6483.595332666054
188996,4711,659,28108.00935043277,27224.397131411934,57316.87885196833,14356.331559998827
154678,13032,380,14680.969279567838,18683.61894127572,48969.595915187645,8052.345276003313
70501,45543,677,6412.493762782486,3778.7581164148155,22362.208532857127,5444.783729853848
157587,45113,424,22518.63793862781,20646.25892696413,42095.07316524184,11546.910028596722
34545,24120,813,2210.80081081423,3768.3583500072955,9003.46684489071,1981.0087128060402
182932,42418,452,15172.32459220255,9796.034445452407,46012.27762889023,9660.702226267407
129728,12018,615,13083.022279596093,10299.628426808313,44273.860179045325,10860.073241627384
32002,19205,598,4420.664576354776,3814.772496175829,9749.404848120823,1731.8953302935945
155962,6242,472,14881.668493098992,12579.004713115619,53535.15130092345,13189.014338484025
73557,12787,401,8362.575239429912,5994.347255444272,19984.364285835887,3775.745726172342
148696,14220,601,18428.174077415213,16068.515429096635,50080.14276614287,14312.05815352901
35705,17392,303,3453.3441988158825,4880.641728441004,9015.186841071423,3429.3596489620854
33017,28522,547,2790.842043905377,4842.597641517122,10266.606956612135,2905.223101716343
53268,17653,482,5038.754061007482,4700.078146092973,14490.283414490325,4396.45087848029
150724,9070,526,16883.319808805845,17155.882542715593,44124.791005985855,13674.14750571879
159221,10319,493,19115.07225538751,16497.207291374154,51140.140776563036,8525.654451083663
93533,36484,749,5970.286096817326,11462.180097936109,24338.543325435243,6249.372079414551
119629,11499,313,12022.616042475676,7010.545441033266,39192.48387254636,11096.85238107754
152773,18131,815,16088.150450324365,20533.687799307532,49564.68159828946,12288.563768778837
142232,7991,720,16612.037377806446,15836.329394745717,49041.29491524629,11969.903438563844
36491,15607,492,3631.7460737974247,4583.911800770321,9167.233308893845,2426.691452750864
178472,49813,346,13862.620415246802,18806.34923063675,59024.13972541393,16678.546944283295
60007,33842,392,3107.4546681206803,5755.943127864424,16027.700455598131,3034.2458045715844
86116,8246,699,12171.43900221887,10430.505998362982,22362.513900445374,5493.542148037382
97941,23353,781,8234.167695439628,13352.164450398499,30596.72750486381,5013.8033870063855
180215,42848,396,10335.786233099638,18061.408638475183,49112.04345010036,17667.69106545217
164017,6281,535,10028.870683000046,12875.133917226955,43654.842509829636,14217.792202127803
57860,9432,479,3802.7882457840506,4742.796440564339,14646.114978322164,3933.4033489094477
49706,41360,619,6440.156797278172,4501.911635607952,16645.377539776193,4580.055822618572
34920,32828,461,2279.2955568157495,3241.175083098131,10401.300331346849,1901.632914770196
80551,6175,332,11827.366991585075,11668.769748663119,26226.206611914953,8043.462683842474
102155,44969,506,10793.492577049326,8469.377074871469,27078.43519304019,7079.46325818813
79407,30634,732,4381.923731184273,10357.858681694166,25825.687597814198,4195.705060558874
198217,2548,573,28114.338094247756,20854.62642389669,59914.55841344027,18979.400731375226
85267,47593,759,7779.329538714539,6192.679572782592,22018.762973144127,4443.027459713334
26899,20033,616,2098.3005699288005,3902.8611807574894,6742.993712399757,1909.5662840258096
83862,41693,837,7679.203572815763,11202.98792916319,23021.915826388373,4410.731580814779
81248,20219,701,11325.689464818379,4992.700923042743,28236.226803498066,4128.187830967846
101024,33680,528,9423.440643451157,14745.517968667524,26003.91737650637,8271.81054776417
77609,13530,763,7084.22273879233,5981.104538595455,26655.94799158061,6719.33917544823
129977,29978,406,16559.589969204044,7447.059708617145,44262.06341323784,11707.103366113495
199970,17039,522,25806.387525340655,26800.690743230472,63900.68918241724,11231.432516153372
114796,3032,339,10754.884611959698,6632.484372684555,38549.81594594021,9933.556514539918
78088,3510,391,4767.563903534759,6868.104112670232,22788.49974539345,4565.085973875775
79071,986,535,6448.053866259197,5563.157843984062,22563.644963313258,7329.891605738347
37573,11156,711,5111.686356794085,4806.326370861418,9832.824033221246,2814.666736264096
54168,38257,432,4021.3936821732623,4001.065327926759,16869.78979145739,5145.855526107328
52930,46623,383,5757.365057095674,5392.985968502276,16709.15372676923,4817.976699938453
163595,21509,449,20747.511288071197,10672.13696714942,55568.875218074456,13082.896588514795
143195,33214,367,18647.462809872854,7698.985733613931,44232.383763837686,7459.388423258275
60036,14712,488,4501.281187705733,7580.779324211142,15662.910151836679,3322.366590481311
136416,35560,374,15730.788307273011,7134.185074894532,37494.97288766318,12772.460318965741
171178,17067,475,19270.180002400826,12149.716800115531,43901.53399419446,15733.990519203082
33378,42219,509,3369.2058153306784,4825.469715312943,8749.910010279631,1717.859373746721
193358,8350,390,18633.912062074436,22900.35946349234,63769.01072229018,18002.696278804433
78725,33014,348,7906.349464251396,11387.222892677482,21272.166288062446,5896.7714742667795
95457,11448,760,12619.940369861002,5983.447599616894,24134.030632185935,7077.434051297131
68355,29872,454,4979.165321748387,5408.008896872515,18555.261049197554,5448.043137789741
132459,43985,714,10874.159199302541,15425.95460333026,45838.26838888371,11774.50621383931
186503,9712,539,12473.50176929434,22613.5030733356,58301.881235119894,17724.903705025776
60715,13948,365,4320.331105453955,6884.152003225913,15732.862215668842,4058.0518688522825
99436,48739,549,10043.56524806649,13639.394414293658,27641.120919635654,7482.665850962539
177381,3068,764,24254.796600367954,25506.31009465047,61701.21976582391,9923.408966354249
81710,26407,453,9924.971430785738,4969.287289909636,27548.29813769885,5882.3236844399635
80889,44514,798,8394.469808261074,4510.771642543007,23472.153786534025,7635.717605807213
81668,41716,848,7970.2083269793475,6919.145582359961,28054.226217857613,7717.475569929262
106754,36098,330,8533.589444136465,9331.28399244205,35564.61712995207,10275.259889787993
133117,49539,842,16820.018659666606,8066.8337542164145,36480.55347656255,9314.883254085988
72741,40990,720,8708.273064767538,6913.983902404822,23424.97060405253,5791.899383445499
186595,7363,587,25310.913545319476,22530.744022987157,49444.51787697216,16407.596478856995
108526,26679,338,12509.110959058326,15748.162172942939,33798.83492452917,7935.3758754185
82547,49212,503,7887.13484673323,9784.381087616854,24668.49633949936,5660.412891400922
197539,40098,478,20837.083916767664,21469.494468986337,51810.48298730271,13905.03425819177
181433,13488,312,12710.117233187464,9937.153328655315,58929.19541295783,12453.059865754576
60431,44095,365,7126.867733006751,6213.721720749787,17241.250744323646,3767.45759626165
157360,35327,781,18840.570327289166,22514.315006268265,54561.60890093592,13563.484203508991
75158,24487,608,9392.454715775257,10653.344101764862,24480.986205045432,7175.382268014578
67341,13396,787,5701.301675673401,3402.878119417917,17488.0322562968,4916.802473849706
158700,40140,686,9618.796333940676,11685.169648333742,54137.42933921462,12280.402974260169
197174,35850,411,11330.390599803006,27326.204550727547,66514.24052266557,15317.683214010944
103575,30514,614,13632.451102223456,7320.2781660610735,36211.311923300746,8814.285899282146
114991,45318,636,15655.545471935868,13268.317546089438,38170.43010080606,8223.077240716897
175832,2631,674,19440.956685676858,23455.645419353365,57906.2107688856,13848.539639852843
36654,7654,643,3543.2337342480287,4339.113092786091,10578.51938417658,1953.8944186358794
138278,42938,385,16196.559677562438,15910.106489363667,36681.23527302356,9417.445473646734
199424,29547,307,16701.45642349153,16821.083140527753,68050.29304414659,10426.625675265574
110624,10024,426,12788.264649262013,15967.000218492058,36662.7012458492,10284.879309854563
198746,33186,607,16267.765538726087,16310.571111161495,64540.53530762518,11407.981249726874
77458,6779,736,11217.528580180866,6543.00538920496,19462.494706171696,5032.911002925861
76082,32486,401,3839.2218456519445,9990.28925120389,26041.847602497866,5556.901898122714
97865,3925,560,10072.23202896505,7284.149613630591,26723.750246452433,6412.972361367522
93040,47098,668,11202.71401558563,8270.28173760188,26202.423924360963,6735.871844879712
184336,44024,384,20280.806094758987,21465.157794501578,54677.212572840246,9847.194100238785
118671,9045,310,16414.591521466533,10486.512582124633,35613.74499562207,11547.058424494815
56379,11296,783,6439.347288806108,4693.78187211393,14966.152871164064,3216.1196302256562
51468,44161,566,5428.661237016243,7577.809520510956,17641.66316829725,2739.8283444855897
137907,2057,478,9162.88157614582,7635.356299080987,47540.78492568587,8592.520023708692
44617,36282,426,4884.607567680361,6328.9828134680865,14450.71414219332,2418.595664302526
112928,32233,635,6950.312841547691,10901.073197874019,35111.038796661705,9700.479252985771
143440,25230,677,17675.959168793368,15065.0164853909,36454.40963750514,13975.826191813132
47689,117,600,4982.400931062798,3538.0484056124183,15738.830837281037,3735.8169755740914
190341,32786,361,15198.314529342857,16148.543117553643,53345.88739783074,15631.083614794084
151216,43582,639,13808.715977608963,16272.371620831631,50076.020326122416,12767.669324300146
173904,43207,339,20464.427897064565,21455.25978424724,45929.09033548235,10836.94713910398
120525,1445,530,7253.302067182742,8486.75526379399,31384.673341493846,9041.913047566177
39634,16393,718,3330.6661234645276,4472.3567469895615,11653.013545238895,2433.2544669417543
125584,47726,521,6290.500587937557,10431.144671034372,31672.068923631356,8109.83044868996
93926,32391,409,6895.330733120032,10548.926301582562,28499.588972895464,8718.308616675691
174061,21362,685,18299.01804297924,25041.04670372626,51349.912385615695,15694.472961652335
28667,11894,774,3249.937101726111,3588.379749385244,8507.879311041846,1684.7004687086883
34584,36627,362,3646.4891353307016,2573.013609484168,9759.867407154148,2520.5179074401763
76093,26299,314,4909.044291161294,9948.236644883553,20200.10072920116,5981.765132148078
96738,8206,322,5305.463509234323,8853.091378239895,29987.50330930618,7676.3686797742375
43848,3698,687,2475.9792887608364,4831.274691285847,11962.08124202107,4265.3860412829745
110227,15749,667,11198.14403593266,15709.400831804218,32678.475236919505,8643.72462912271
199869,43843,343,10294.145786518891,16772.419852646515,51339.909727264974,14456.448031117432
149853,20033,646,10259.98050771865,19426.215813683302,40045.72268846986,11604.911155843705
36658,48880,491,3282.9989959529166,4141.014269951647,10930.74091692916,3183.880786263865
29009,8750,508,1510.6956240493746,3584.209299498639,7325.779100674776,2319.5260784322877
41439,17731,359,3540.775565217087,4314.725472613531,14493.947413804519,2381.5031697340437
58274,8493,605,5927.622215422303,6757.149853573693,16440.070508884037,5783.297311358189
189959,44344,672,19497.64199806259,18161.110377698387,51100.35415923615,16719.066761425725
71087,41952,794,7060.669939693677,9123.711573771914,19376.317405267953,6739.150840164981
68008,41028,357,9445.8856716874,6118.709908143792,20976.898386633507,5112.854140359779
142365,42552,547,11842.652607398268,13943.471001067544,44707.367208510295,8977.888907088773
87766,8628,341,5028.459751292951,7018.502079716806,28235.126814330433,8472.317435738918
31694,18628,679,3251.7532371214197,1622.1471485768934,8761.89300516524,2018.1848981761223
31363,42847,614,2581.501964776974,2163.4380217768894,8087.909274146811,2690.6107587429888
21400,42634,442,2384.1368620500225,2094.21338138808,5661.327028073639,1915.4077102680062
101610,7624,440,5450.678638486417,6197.353590256494,27636.71387260825,8525.682787061425
175163,32622,747,14729.254855937528,25585.294836714296,43958.87215091681,9599.551998179439
172891,44669,339,12698.574494728802,12016.848229542598,53862.398355665566,16730.935631495475
113966,35695,732,13165.996462550553,9884.852866692338,29232.777667939386,6824.858381658252
181189,32376,717,22110.95888112319,10864.179770767976,45651.78385287062,14290.260926091503
117135,34392,818,10339.314519993415,15869.705357123545,36169.57497889282,8692.500757990143
54550,22666,575,6486.996519004258,6049.0089196895715,19059.447531471535,4256.406642350404
99788,46242,352,10584.73885862765,7741.237284796562,31191.294721897608,8399.453706433997
47563,42211,318,2651.601233211507,6042.470886984881,14242.647941809726,3718.3586490847683
162207,46821,502,18736.634612899965,12753.430091720396,42675.746249032774,12998.276207870336
124209,30591,818,18613.655378816267,7491.6158351026115,33026.96880282426,7046.119081325991
57641,19734,794,5048.548765874745,3670.068116247849,15533.072822225286,4889.413054394251
137737,8287,348,13258.2838056782,13674.883795207466,44999.505215389,8458.419170421474
54505,12197,345,6298.273190699074,6968.433662913374,13697.131327025165,3577.7498240052523
53945,45927,371,3440.653673257778,5504.946653670997,15537.452113279607,3418.823941338918
102797,39104,319,14640.137962457538,8777.399502266577,26432.29440382214,5651.722790537133
26606,48749,451,2825.059062313826,2411.0617661408414,7392.902351013859,2293.1180214449005
135267,4467,764,18030.116848739483,13788.821804294534,37291.52016519886,9880.076328784553
67583,9362,639,9605.9611854696,4412.859075230185,17514.096180298704,6650.908363166079
103519,13298,353,5838.23421629459,9748.801863604505,33507.34597515968,9205.30692601038
159995,20164,574,23394.400869245812,20549.623255850256,41790.75014491093,9584.486834191335
20352,3817,777,1681.6852874563149,1719.9555768383113,6347.7619771873515,1898.4825462193417
61235,37425,544,3501.8208218139175,3854.1257874386642,17803.0309738608,5994.29765925171
193886,12053,460,27395.749725939804,10107.157005419382,62345.97740883856,13896.90515548972
112707,36426,572,12523.14758126831,8887.124006431271,36936.02630044141,9548.885654132735
137423,45158,604,19357.572264245446,6953.34222245228,44155.34509130646,12325.585191007885
33838,34495,680,2934.1083044509824,3110.5049837096335,8793.253209648594,2706.4687816801274
49363,651,537,6833.149112372345,3830.584295173131,14492.335649749626,3297.742047996152
26094,37434,607,2724.780958520791,2217.6824578885917,6574.14881561101,1743.5353577494966
130669,18320,766,6694.664233293822,17204.21959951618,36286.5678418648,11073.45500751835
182389,41991,647,27351.994842053304,24848.45382840158,54080.381706914595,16769.703890753954
81055,44124,746,10636.624118153875,4527.786824003379,23245.198820431277,6712.251206593739
22923,30640,535,1597.7179131929631,1647.4025351170267,6477.096214618054,1813.2808238922078
35604,40318,582,4321.939342038042,1970.1311408294766,11721.962371427713,3435.747368671863
127839,7056,340,17781.10155260782,17349.61151995905,44161.42433487283,7508.2790868131315
165485,9028,690,14962.739227722966,11423.638564998686,46486.88191925311,11122.485041050955
35003,29501,340,2677.0589462889634,4978.573890418437,10553.19041609596,3248.5301241869065
180797,38411,755,21556.987877796226,11921.037171006701,55390.58561850911,14352.826386105009
176232,25230,375,20887.880078205297,22905.21357854034,61135.148485769285,13535.971365513527
159251,19433,300,9052.312772263444,11025.83181583797,51613.60565484023,10972.245645688088
56385,11812,685,3512.445496297976,7097.767255257269,18294.48216712264,3864.7864393520213
147071,37036,553,18363.43381831911,9503.866677664399,41622.91181885397,14401.814491293158
120496,11620,724,16794.1737957709,11260.251684200466,34377.16468415829,9815.064151139257
46104,44700,509,2619.015080942477,4885.340792396605,12329.786090053218,3950.192041745624
69634,23883,645,6415.789776233718,3586.134466880758,19995.457349484677,5646.06689619524
60935,9437,317,3352.6474527900104,8118.868792259884,16728.373499515048,4447.700002803309
29645,29593,394,3732.23882379954,2864.0631109305154,8420.272480009397,2526.367002743736
62668,26953,707,7529.777100011918,7340.983029921757,15909.54036387787,5528.826777552309
127718,41722,415,12580.872824838929,14179.55183352441,35002.51781371279,11774.309433179003
140611,49653,340,19501.851440491053,17241.224820197167,37879.46907763138,13474.130105601655
29398,41193,580,3433.649650083886,3589.4123562920486,9985.71484691057,2549.8646531258255
38436,29057,539,4553.66583455033,2819.3911899714894,10405.080804713281,2424.766871348365
177029,20293,849,10713.442835755191,24650.362066803344,46563.601754381576,15074.548191323536
34087,21571,340,3859.9792773495647,4399.925088749286,10025.020670868302,2297.7327845289046
93155,29035,399,9450.102249884712,6295.345868907876,30906.771540840575,6707.698908857955
58534,23562,796,3668.0809141216805,5648.761600199331,17108.168089465522,3065.516123253708
45011,13328,742,4375.994785605907,3896.170885718165,14202.684328277337,2734.3093855524903
95896,46922,534,6628.367338575329,4986.780603000192,27925.78417251952,8391.231796234442
100465,24554,821,13202.932484828869,5453.5828732478185,32642.43780758012,8287.295995598635
104750,26519,390,8479.06103099707,14294.815490822164,35433.4536755727,8671.576744299187
48574,18196,516,4340.4678566134535,4529.548478407276,15122.66187069198,3271.1162952389536
126918,3798,559,11374.362842749368,17492.16342974728,44162.50434801483,8432.973361366776
50687,40294,315,5792.880255097792,4088.1154750987525,17055.81958237422,3223.863721367576
104941,38960,555,5839.082105840777,13875.340775733182,28256.524241257895,5454.616970374772
39153,31905,812,5696.336802776732,4255.6281579943425,12091.500064916034,3269.154913403657
163115,10405,323,11324.247000008292,10200.778001326573,53725.279971867334,11870.95746073649
171066,23099,833,18846.392967957745,8985.157444991399,52083.271674647294,11629.287859241966
37772,47775,806,4522.151033344417,4549.7589661222655,10468.800009187473,3597.639948011282
177279,40155,609,22298.57691494034,18076.521073692795,45322.962065605905,11614.793568582169
192950,4878,543,15693.851584533202,22068.763835544647,49390.2242955073,14235.395454076499
184894,13731,586,21211.412313513636,26482.5663686018,58588.03898300318,15165.160427074803
192602,28680,478,24615.315051015557,23580.236059506766,60730.038471780776,14323.989505461252
171794,24977,785,9915.288024184174,19919.067505826675,54118.970294951716,11865.935997446739
77775,32730,533,5767.474719528626,8732.074493747336,25311.65752880888,4453.510774728772
68723,4285,682,5803.9348613425445,10022.072911662297,19996.451635072335,5861.066688454055
120664,39407,786,9269.480496999591,6895.398045218983,32407.354196277793,12048.004722612424
122923,26710,573,10412.722278543024,16262.60482263714,40805.04899072949,9792.217347242355
192722,47121,761,15276.799713333166,11778.988712491533,63841.915200571406,11924.28686590128
59672,3370,637,5212.837503659908,7391.4451543297655,19198.20201885788,4822.299581534461
170549,13268,480,11300.395272518143,17134.30678831028,57084.4749882242,14657.983943530917
126017,42889,647,7117.971129468519,7784.8513772805545,41063.634888274726,12235.320090811367
132070,17668,539,16317.661617294529,12829.793124964252,44237.09180301949,11080.252841372914
79110,27201,515,11023.813166653703,4529.321791445394,26607.633580210942,4783.334212324087
24991,25540,692,2377.2109671012463,1764.331196071935,8427.45601885494,1328.1253187250186
76442,35677,429,4813.45782669246,7566.021469964539,21554.363963832606,7012.895851613852
194784,21517,768,17237.417028398788,14578.5174102853,66274.54178703613,10296.06650241594
85514,32790,742,10995.440090563849,7958.305523808877,23605.91033089333,7441.101335292419
124923,13711,801,11030.852081961018,15372.558404587995,42024.658018910624,10251.359382146042
156192,8637,540,20617.315604759086,15026.550066421487,54071.75533659776,8886.188978801012
150618,23805,560,20717.89269270242,10773.991226562848,48221.66563094879,9161.036174857689
35085,22178,519,4387.143307571265,2174.5836108052654,10179.836003455152,1920.7725957561709
32744,23173,677,3684.210881477644,2128.69553775767,9652.511299023958,1763.8668330920302
55571,5117,440,6099.805937509267,7990.940714109519,17115.444983186342,4586.921117677449
33579,32659,658,1926.0666519908657,3473.200340159657,8977.951680704642,2249.393254287891
24958,15143,587,2893.87600495012,3409.205678349537,7459.227793492006,1457.5388856458462
30503,31877,794,1799.0000742956183,4011.2254849998176,9533.743594286309,1793.219503016556
159104,30160,762,9558.985720551882,21637.674110187243,44675.7707950925,11734.12317175729
126582,25714,710,14460.058596850928,10693.372269944746,37418.59088074285,7664.352296009119
95213,2719,831,5750.991754942355,8536.58470788323,25237.23425098836,6780.346218625927
162771,44239,721,21585.970871665555,12571.141510875561,41781.4757579439,16170.954532022082
30139,12211,387,4085.8363094512106,4210.124825060046,8047.979853984619,2530.0319669124556
129267,38334,442,18083.092041314223,10661.41692258163,41016.741615258004,9220.841727658677
25026,22398,395,3463.126082060766,2344.6312072276523,8062.708294974401,1557.5261129317503
69597,31308,751,8572.350519922176,5138.723344511981,23412.108654814667,4027.6360263966308
55306,18365,419,5008.360733653747,4029.087241546905,16286.884590561933,5147.382134930762
169765,37643,826,10061.371134897207,23448.24840804142,46704.931903676064,15565.110658935237
177684,35252,838,26246.433010493125,14205.83327498024,57264.98073017012,9303.053946738697
180922,29819,536,26066.826588290605,19539.63479615363,62487.365528673676,16574.020145470793
98042,33726,364,6040.512001236385,13407.680237711738,26976.575711633614,9659.411176470243
28159,46635,756,3599.9134284397724,2152.0551456382373,8653.40412212424,2221.2742722445496
127854,33785,348,10718.56931146583,13085.903890797776,32715.303832092886,6826.929851789891
126552,47366,459,18413.027099844003,14525.432637130378,37944.161057562174,9302.03120998751
114029,46512,321,13586.148292771326,6127.7482422783405,31519.592212366122,5701.465816344534
125025,2204,360,8724.379986258828,16601.38151149418,34596.753458780644,7298.711766333066
119605,7141,570,15797.018844257867,11281.034271826878,31663.43716714084,9437.543585639318
29442,41749,529,1690.953913124399,1655.3533105255226,9311.997983037596,2198.4118096458133
197760,35551,616,25824.672530980275,28844.99958992752,69144.15760588032,14358.31756203711
76173,3609,810,8205.179749267598,8872.453954766466,23918.101078507694,5130.759623990155
104919,10918,404,10701.591421635336,6439.037971851777,32984.68847737261,10092.794573650604
101005,36498,605,12841.55374827346,14004.741316825906,29885.695971295794,7776.598682189944
50541,16760,418,3640.8850593560505,4194.03775245804,15362.979710074314,4136.082947175276
56515,14741,814,8377.019606931588,7219.048507905422,15315.126673810924,4729.282726372855
91236,9495,481,12444.922726344621,11478.366652178584,30176.92710877364,6533.921446470261
139089,26063,619,18887.908021479598,8887.716992435993,36004.07524351277,7036.205036443508
173137,5178,806,15421.2967606981,18695.69356367824,44531.38994859503,13322.882361473961
193362,21347,602,15667.55160478273,9919.006505386094,65862.51977650453,17324.06469495999
66976,2693,359,6107.395469950984,4867.945177441205,17761.48605576819,3867.238159027919
142650,23871,676,9410.227203560615,9785.116707853545,47461.64029867445,8844.425318833459
89584,46797,788,10017.963274403366,9670.302683817601,24904.58974351975,5583.458646501163
47171,49587,503,6170.96404887032,6036.590542869833,12606.530563701092,3835.473905225564
153299,2223,793,18134.347628697644,11885.773855972502,46725.723923561396,8810.226154250293
57350,43469,629,3939.26534228365,7373.103541067143,17076.371875712688,4724.831355330473
80479,455,457,12067.948712073174,7849.217064348183,26565.22333001601,7605.153616149781
125704,5584,761,16768.123921090886,13472.137332450931,43511.541985934746,7798.506140650798
153348,22287,517,11323.47878009272,8669.170120642664,45688.27600618128,9843.45710468914
30524,35052,446,3793.2226742457237,1599.157993054244,8200.192712077855,1945.9319700418328
55248,6982,350,7755.3493246854105,7376.994536556548,15144.899851174418,4950.728658246687
24025,25491,554,2815.179719494666,3385.9168609025414,8367.736299315478,1790.5697955626351
167985,43762,719,10261.156661023835,14226.163768312941,49404.53430974619,11019.76817014852
32212,22988,684,4636.323551674558,3639.006872664235,10520.613717880879,2992.896467012105
59065,18701,627,7807.744113604726,8538.581711716717,17673.847941315486,4865.122981908467
67823,34179,706,7190.938120029153,7550.520578409233,22627.306590350414,5319.640884942228
100512,40059,382,6144.102525039324,9921.84102572977,27221.234230875598,5104.439343409858
29535,28069,394,3492.6043603016756,1934.6435358712001,8869.650964328874,2591.457438973017
177245,18989,657,23481.654763888466,16142.443540140815,60526.88016851856,9769.927573357121
64624,25517,512,8453.261405019537,7559.914337873281,17401.758487309664,4926.695392219922
186990,18089,563,27049.94370224777,12414.454721882907,54555.80973768588,14917.991140634304
106949,30557,427,12706.145963194667,10542.219108433206,32796.41871876782,9717.902425592041
35907,37000,651,1855.7698507707996,4196.094771959811,10758.10470013503,3377.659498824318
58532,40376,834,6339.131511183769,3413.113281707438,20322.065858760227,3840.2649576818344
99572,48985,469,7010.889196274199,13587.52534343186,31092.81132809823,9637.02895009267
162250,29438,665,14451.518964958937,11428.874717759461,53506.60303700118,16021.541806309568
179479,7843,487,14351.500614737468,13294.326234928938,57217.16241916374,10079.063712424751
103477,18136,820,5774.190328276142,10275.603801602749,33332.67138509205,5833.632678606964
113485,41465,656,12115.860797931815,6667.56946729598,33653.24933539162,7545.12907124325
107178,24746,354,12769.739864850677,14405.477115804335,32465.28527291629,7415.911991031284
188046,232,610,10911.397777819046,18473.491942798188,58069.05452925168,14163.852469460033
77346,1935,835,10431.54268751666,3889.6868592122687,23881.32140777212,4643.599660724375
184748,41636,641,13499.86699578719,22842.112717673328,48897.67664796705,18154.94215347712
151109,12943,845,21410.144454186306,19170.045788344087,50602.00733582595,10778.811878587163
32614,24408,412,3900.600948502065,4040.1955505286237,10019.437917239471,1948.615227273405
26493,41995,712,2249.1424402219686,3202.782574267638,7158.540139561687,1397.6233188659858
27242,17013,814,2880.466833619619,2697.6811907512783,8077.60061949399,1777.5493700529344
139685,42566,577,14207.95359490088,10210.317991195674,37857.32705504866,7038.184857363049
67827,11529,667,5535.258376855064,4871.186679184625,17722.98315024891,6774.449429621238
27980,1231,409,2587.7241074675912,2154.0612697199795,8906.964692763288,2595.8164967502503
192435,32524,530,12404.623506891801,17589.03982872928,53875.31431841154,13234.246430198358
53538,13150,638,3068.02745266296,5991.499963893503,15685.005451468534,3294.1240376081596
180435,23356,441,16044.119067714219,16709.464988397107,62394.45300844718,12041.197738892002
123725,12444,709,12245.779335897338,12822.999420847036,38488.778470767844,7553.917598723233
36533,49152,751,4657.118344108435,5245.571364357037,10041.216071772378,3455.10002390032
197709,12171,419,27972.40454295351,19591.754023494745,67857.13286496676,18727.709122096672
187638,7808,671,10003.471649244217,24948.32974741976,53405.88666688032,11460.033734071876
196445,34724,326,18371.087433809254,13580.714013335117,60315.42772069873,13664.186237265634
162970,23008,335,8589.853360384917,11078.771923928147,53696.85445026974,14779.701734829598
115704,7601,706,16946.119838998657,13303.126603504683,35096.76193390058,6906.75498688661
98680,25144,404,8044.825116830221,11808.362869175018,31240.954904921808,7384.153879357219
24634,30726,495,2489.7723300377875,3310.488096525748,7795.2398423951545,1460.0502920456863
170068,9819,573,24757.880062469405,16992.124643961073,57187.6691257933,10148.651688428348
81351,1238,364,6662.725748858984,12089.97788637288,23491.31046347861,4156.702383689564
100273,29698,647,9038.378206179335,11861.202733649521,32772.6132898863,5088.330314144914
72803,26822,488,6183.614084473772,7311.359461634485,19282.758451524795,4055.625031999532
27359,10748,659,3960.108554999084,1448.888379829823,7427.565715038005,1722.302681409002
109656,38555,528,6132.6659745491825,9070.651700680268,29078.353819296146,9429.290397919132
92402,31964,496,9541.84553162851,12650.18056918995,30622.2860585297,8140.047884639328
199522,48750,537,24002.709614221712,25484.35736138877,69809.15432894883,12189.004847760712
71442,37397,633,5197.798784180369,4291.971383213439,19400.560659502942,4144.309047446962
90254,5465,361,6231.711069594535,6918.583609813479,30041.199569462467,8662.793677414704
173659,17039,411,19520.960390932712,19977.00415473279,60207.69399705037,10884.44870311695
144231,26900,554,11207.900422371593,17278.53638982306,37265.16110819436,12783.528331133719
53950,18223,498,7428.356347525737,5153.007207174019,16530.576145410967,3642.9171915759043
135690,5287,660,13906.905086913628,17445.60327394939,46685.374612420586,8660.508646981458
105951,25040,631,15191.778504711565,7825.579367379692,26683.4923283142,5708.376682088726
50459,41515,512,3402.699514605954,4847.173402767181,14679.656064411485,4661.738517306315
94804,16610,491,13819.899571447188,10031.622762316814,31103.5820483745,8347.89783626196
53075,7036,840,7197.1348375782845,5082.105036060314,17104.457759272555,5003.579147048134
79080,3127,465,7394.399880843934,10961.938171452312,22689.166752532656,4923.594089722655
191736,18624,489,10699.922246932232,24532.85949729363,56350.71304980338,18737.57283105484
44704,27235,427,4324.089441382999,6586.218311110448,15061.9825549858,3458.7952316154697
42701,15295,652,5701.598810753685,4691.314855653989,13194.09768688822,3028.653229846521
43639,30287,516,3737.53201721076,5011.11762164815,12527.954362938026,2721.7759146180338
32258,34731,450,3462.5616544276904,3393.153478416922,9843.125076080081,2477.149316691929
24762,13609,740,3346.193617934926,3241.9538922011775,8423.09789788359,1586.867741762717
62942,26224,576,7788.106902975037,6987.324767814476,19018.42567908324,3185.4362090272693
116928,16685,452,9579.674480266562,12013.096727025944,37440.86148712363,10892.832159341435
145449,34492,481,13066.642239363966,15806.359020434818,42699.85538562187,12171.44675678381
20544,27727,761,1547.264447211111,1969.674828974354,6287.599605412437,1707.4790907172885
